<?xml version="1.0" encoding="UTF-8"?>
<problems>
  <problem>
    <file>file://$PROJECT_DIR$/app/src/main/java/com/example/stavalfi/app1/LogInActivity.java</file>
    <line>72</line>
    <module>app</module>
    <package>com.example.stavalfi.app1</package>
    <entry_point TYPE="file" FQNAME="file://$PROJECT_DIR$/app/src/main/java/com/example/stavalfi/app1/LogInActivity.java" />
    <problem_class severity="WARNING" attribute_key="WARNING_ATTRIBUTES">Code contains STOPSHIP marker</problem_class>
    <hints />
    <description>&lt;html&gt;&lt;code&gt;STOPSHIP&lt;/code&gt; comment found; points to code which must be fixed prior to release&lt;/html&gt;</description>
  </problem>
</problems>

